<?xml version="1.0" encoding="utf-8" standalone="yes" ?>
<Window size="441,258" sizebox="4,4,4,4" caption="0,0,0,40" roundcorner="4,4">
    <Font name="Times New Roman" size="20" bold="false" italic="false" />
    <Default name="Button" value="textcolor=&quot;#000000&quot; hottextcolor=&quot;#FFFFFF&quot; focusedtextcolor=&quot;#000000&quot; pushedtextcolor=&quot;#77a8de&quot; normalimage=&quot;file=&apos;Button/btn.png&apos; corner=&apos;5,11,5,11&apos; source=&apos;0,0,96,24&apos;&quot; hotimage=&quot;file=&apos;Button/btn.png&apos; corner=&apos;5,11,5,11&apos; source=&apos;0,24,96,48&apos;&quot; pushedimage=&quot;file=&apos;Button/btn.png&apos; corner=&apos;5,11,5,11&apos; source=&apos;0,48,96,72&apos;&quot; disabledimage=&quot;file=&apos;Button/btn.png&apos; corner=&apos;5,11,5,11&apos; source=&apos;0,72,96,96&apos;&quot;" />
    <Default name="VScrollBar" value="thumbnormalimage=&quot;file=&apos;scroll.png&apos; corner=&apos;3,3,3,3&apos;&quot; thumbhotimage=&quot;file=&apos;scroll.png&apos; corner=&apos;3,3,3,3&apos;&quot; thumbpushedimage=&quot;file=&apos;scroll.png&apos; corner=&apos;3,3,3,3&apos;&quot;" />
    <HorizontalLayout name="bg" width="440" height="432" bkimage="file=&apos;bg.png&apos; corner=&apos;4,100,4,4&apos;">
        <VerticalLayout width="437" height="254">
            <HorizontalLayout width="443" height="30">
                <VerticalLayout width="340">
                    <Label text="Guildhall Huffman Exercise" padding="8,4,0,0" textcolor="#FF000000" disabledtextcolor="#FFA7A6AA" font="0" />
                </VerticalLayout>
                <VerticalLayout width="105" height="30">
                    <Button name="minbtn" float="true" pos="28,0,0,0" width="28" height="19" maxheight="19" maxwidth="28" textcolor="#FF000000" disabledtextcolor="#FFA7A6AA" align="center" normalimage="file=&apos;btn_mini.png&apos; source=&apos;0,0,28,19&apos;" hotimage="file=&apos;btn_mini.png&apos; source=&apos;28,0,56,19&apos;" pushedimage="file=&apos;btn_mini.png&apos; source=&apos;56,0,84,19&apos;" disabledimage="file=&apos;Button/btn.png&apos; corner=&apos;5,11,5,11&apos; source=&apos;0,72,96,96&apos;" pushedtextcolor="#0077A8DE" hottextcolor="#00FFFFFF" />
                    <Button name="restorebtn" visible="false" float="true" pos="28,0,0,0" width="28" height="19" maxheight="19" maxwidth="28" align="center" normalimage="file=&apos;btn_restore.png&apos; source=&apos;0,0,28,19&apos;" hotimage="file=&apos;btn_restore.png&apos; source=&apos;28,0,56,19&apos;" pushedimage="btn_restore.png&apos; source=&apos;56,0,84,19&apos;" disabledimage="file=&apos;Button/btn.png&apos; corner=&apos;5,11,5,11&apos; source=&apos;0,72,96,96&apos;" pushedtextcolor="#0077A8DE" hottextcolor="#00FFFFFF" />
                    <Button name="closebtn" float="true" pos="56,0,0,0" width="39" height="19" maxheight="19" maxwidth="39" textcolor="#FF000000" disabledtextcolor="#FFA7A6AA" align="center" normalimage="file=&apos;btn_close.png&apos; source=&apos;0,0,39,19&apos;" hotimage="file=&apos;btn_close.png&apos; source=&apos;39,0,78,19&apos;" pushedimage="file=&apos;btn_close.png&apos; source=&apos;78,0,117,19&apos;" disabledimage="file=&apos;Button/btn.png&apos; corner=&apos;5,11,5,11&apos; source=&apos;0,72,96,96&apos;" pushedtextcolor="#0077A8DE" hottextcolor="#00FFFFFF" />
                </VerticalLayout>
            </HorizontalLayout>
            <HorizontalLayout width="432" height="221" inset="2,2,2,2">
                <VerticalLayout width="432" height="216">
                    <Edit name="Edit_Sourcefile" float="true" pos="164,22,0,0" width="249" height="21" bkcolor="#FFFFFFFF" textpadding="4,3,4,3" textcolor="#FF000000" disabledtextcolor="#FFA7A6AA" />
                    <Button name="Btn_Decompress" text="Decompress" float="true" pos="230,139,0,0" width="170" height="29" textcolor="#FF000000" disabledtextcolor="#FFA7A6AA" font="0" align="center" normalimage="file=&apos;Button/btn.png&apos; corner=&apos;5,11,5,11&apos; source=&apos;0,0,96,24&apos;" hotimage="file=&apos;Button/btn.png&apos; corner=&apos;5,11,5,11&apos; source=&apos;0,24,96,48&apos;" pushedimage="file=&apos;Button/btn.png&apos; corner=&apos;5,11,5,11&apos; source=&apos;0,48,96,72&apos;" disabledimage="file=&apos;Button/btn.png&apos; corner=&apos;5,11,5,11&apos; source=&apos;0,72,96,96&apos;" pushedtextcolor="#0077A8DE" hottextcolor="#00FFFFFF" />
                    <Button name="Btn_Compress" text="Compress" float="true" pos="25,139,0,0" width="170" height="30" textcolor="#FF000000" disabledtextcolor="#FFA7A6AA" font="0" align="center" normalimage="file=&apos;Button/btn.png&apos; corner=&apos;5,11,5,11&apos; source=&apos;0,0,96,24&apos;" hotimage="file=&apos;Button/btn.png&apos; corner=&apos;5,11,5,11&apos; source=&apos;0,24,96,48&apos;" pushedimage="file=&apos;Button/btn.png&apos; corner=&apos;5,11,5,11&apos; source=&apos;0,48,96,72&apos;" disabledimage="file=&apos;Button/btn.png&apos; corner=&apos;5,11,5,11&apos; source=&apos;0,72,96,96&apos;" pushedtextcolor="#0077A8DE" hottextcolor="#00FFFFFF" />
                    <Label text="ID:16060        Tang Jian Ping" float="true" pos="43,181,0,0" width="356" height="17" textcolor="#FF000000" disabledtextcolor="#FFA7A6AA" align="center" />
                    <Label name="Label_NodeName" text="Source file:" float="true" pos="29,22,0,0" width="103" height="20" textcolor="#FF000000" disabledtextcolor="#FFA7A6AA" font="0" />
                    <Label name="Compressed file" text="Compress:" float="true" pos="29,52,0,0" width="95" height="21" textcolor="#FF000000" disabledtextcolor="#FFA7A6AA" font="0" />
                    <Edit name="Edit_Compressedfile" float="true" pos="164,52,0,0" width="249" height="21" bkcolor="#FFFFFFFF" textpadding="4,3,4,3" textcolor="#FF000000" disabledtextcolor="#FFA7A6AA" />
                    <Label text="Decompress:" float="true" pos="29,83,0,0" width="109" height="18" textcolor="#FF000000" disabledtextcolor="#FFA7A6AA" font="0" />
                    <Edit name="Edit_Decompressedfile" float="true" pos="164,82,0,0" width="249" height="21" bkcolor="#FFFFFFFF" textpadding="4,3,4,3" textcolor="#FF000000" disabledtextcolor="#FFA7A6AA" />
                    <Label text="example: D:\readme.txt" float="true" pos="164,108,0,0" width="175" height="17" textcolor="#FF000000" disabledtextcolor="#FFA7A6AA" />
                </VerticalLayout>
            </HorizontalLayout>
        </VerticalLayout>
    </HorizontalLayout>
</Window>
